depression_label,daily_social_media_hours_mean,daily_social_media_hours_median,daily_social_media_hours_std,sleep_hours_mean,sleep_hours_median,sleep_hours_std,screen_time_before_sleep_mean,screen_time_before_sleep_median,screen_time_before_sleep_std,academic_performance_mean,academic_performance_median,academic_performance_std,physical_activity_mean,physical_activity_median,physical_activity_std,stress_level_mean,stress_level_median,stress_level_std,anxiety_level_mean,anxiety_level_median,anxiety_level_std,addiction_level_mean,addiction_level_median,addiction_level_std
0,4.4787852865697175,4.4,2.01802533753519,6.4941830624465355,6.5,1.4320154290587046,1.7422583404619334,1.8,0.7154319259980726,2.990248075278015,2.99,0.5773033289454045,1.0161676646706588,1.0,0.5826577856273454,5.365269461077844,5.0,2.8920400233533874,5.557741659538067,6.0,2.850191119219865,5.571428571428571,6.0,2.826350706657869
1,6.719354838709678,7.0,1.01338355846103,4.761290322580645,4.6,0.5666729917420562,1.667741935483871,1.5,0.7704488288325593,2.995483870967742,3.05,0.5649651240544407,0.9516129032258065,1.0,0.5697197953040514,8.483870967741936,8.0,1.2075034228229051,8.612903225806452,9.0,1.054432528419551,5.32258064516129,4.0,3.0264070752207535
