variable,mean_depression_0,mean_depression_1,difference_1_minus_0
daily_social_media_hours,4.478785286569718,6.719354838709679,2.2405695521399602
sleep_hours,6.494183062446536,4.761290322580645,-1.7328927398658918
screen_time_before_sleep,1.7422583404619332,1.667741935483871,-0.07451640497806222
academic_performance,2.990248075278015,2.9954838709677425,0.005235795689727318
physical_activity,1.0161676646706588,0.9516129032258066,-0.06455476144485217
stress_level,5.365269461077844,8.483870967741936,3.118601506664092
anxiety_level,5.557741659538067,8.612903225806452,3.055161566268385
addiction_level,5.571428571428571,5.32258064516129,-0.24884792626728114
